zone1,zone2,year,unit,capacity_max,capacity_min
bus1,bus2,2023,MW,0.0,0.0
bus2,bus1,2023,MW,0.0,0.0
bus10,bus16,2023,MW,0.0,0.0
bus16,bus10,2023,MW,0.0,0.0
bus100,bus99,2023,MW,0.0,0.0
bus99,bus100,2023,MW,0.0,0.0
bus101,bus99,2023,MW,0.0,0.0
bus99,bus101,2023,MW,0.0,0.0
bus102,bus273,2023,MW,0.0,0.0
bus273,bus102,2023,MW,0.0,0.0
bus102,bus87,2023,MW,0.0,0.0
bus87,bus102,2023,MW,0.0,0.0
bus103,bus104,2023,MW,0.0,0.0
bus104,bus103,2023,MW,0.0,0.0
bus104,bus100,2023,MW,0.0,0.0
bus100,bus104,2023,MW,0.0,0.0
bus104,bus105,2023,MW,0.0,0.0
bus105,bus104,2023,MW,0.0,0.0
bus105,bus102,2023,MW,0.0,0.0
bus102,bus105,2023,MW,0.0,0.0
bus106,bus100,2023,MW,0.0,0.0
bus100,bus106,2023,MW,0.0,0.0
bus106,bus107,2023,MW,0.0,0.0
bus107,bus106,2023,MW,0.0,0.0
bus106,bus273,2023,MW,0.0,0.0
bus273,bus106,2023,MW,0.0,0.0
bus106,bus280,2023,MW,0.0,0.0
bus280,bus106,2023,MW,0.0,0.0
bus106,bus281,2023,MW,0.0,0.0
bus281,bus106,2023,MW,0.0,0.0
bus106,bus282,2023,MW,0.0,0.0
bus282,bus106,2023,MW,0.0,0.0
bus107,bus108,2023,MW,0.0,0.0
bus108,bus107,2023,MW,0.0,0.0
bus107,bus109,2023,MW,0.0,0.0
bus109,bus107,2023,MW,0.0,0.0
bus109,bus110,2023,MW,0.0,0.0
bus110,bus109,2023,MW,0.0,0.0
bus11,bus10,2023,MW,0.0,0.0
bus10,bus11,2023,MW,0.0,0.0
bus11,bus12,2023,MW,0.0,0.0
bus12,bus11,2023,MW,0.0,0.0
bus11,bus14,2023,MW,0.0,0.0
bus14,bus11,2023,MW,0.0,0.0
bus110,bus106,2023,MW,0.0,0.0
bus106,bus110,2023,MW,0.0,0.0
bus111,bus110,2023,MW,0.0,0.0
bus110,bus111,2023,MW,0.0,0.0
bus111,bus113,2023,MW,0.0,0.0
bus113,bus111,2023,MW,0.0,0.0
bus112,bus111,2023,MW,0.0,0.0
bus111,bus112,2023,MW,0.0,0.0
bus115,bus116,2023,MW,0.0,0.0
bus116,bus115,2023,MW,0.0,0.0
bus116,bus117,2023,MW,0.0,0.0
bus117,bus116,2023,MW,0.0,0.0
bus116,bus190,2023,MW,0.0,0.0
bus190,bus116,2023,MW,0.0,0.0
bus116,bus191,2023,MW,0.0,0.0
bus191,bus116,2023,MW,0.0,0.0
bus119,bus118,2023,MW,0.0,0.0
bus118,bus119,2023,MW,0.0,0.0
bus12,bus14,2023,MW,0.0,0.0
bus14,bus12,2023,MW,0.0,0.0
bus120,bus121,2023,MW,0.0,0.0
bus121,bus120,2023,MW,0.0,0.0
bus121,bus123,2023,MW,0.0,0.0
bus123,bus121,2023,MW,0.0,0.0
bus122,bus121,2023,MW,0.0,0.0
bus121,bus122,2023,MW,0.0,0.0
bus124,bus125,2023,MW,0.0,0.0
bus125,bus124,2023,MW,0.0,0.0
bus125,bus136,2023,MW,0.0,0.0
bus136,bus125,2023,MW,0.0,0.0
bus127,bus128,2023,MW,0.0,0.0
bus128,bus127,2023,MW,0.0,0.0
bus128,bus123,2023,MW,0.0,0.0
bus123,bus128,2023,MW,0.0,0.0
bus128,bus152,2023,MW,0.0,0.0
bus152,bus128,2023,MW,0.0,0.0
bus129,bus144,2023,MW,0.0,0.0
bus144,bus129,2023,MW,0.0,0.0
bus13,bus27,2023,MW,0.0,0.0
bus27,bus13,2023,MW,0.0,0.0
bus130,bus129,2023,MW,0.0,0.0
bus129,bus130,2023,MW,0.0,0.0
bus131,bus129,2023,MW,0.0,0.0
bus129,bus131,2023,MW,0.0,0.0
bus131,bus130,2023,MW,0.0,0.0
bus130,bus131,2023,MW,0.0,0.0
bus132,bus130,2023,MW,0.0,0.0
bus130,bus132,2023,MW,0.0,0.0
bus132,bus134,2023,MW,0.0,0.0
bus134,bus132,2023,MW,0.0,0.0
bus133,bus136,2023,MW,0.0,0.0
bus136,bus133,2023,MW,0.0,0.0
bus134,bus135,2023,MW,0.0,0.0
bus135,bus134,2023,MW,0.0,0.0
bus135,bus133,2023,MW,0.0,0.0
bus133,bus135,2023,MW,0.0,0.0
bus135,bus137,2023,MW,0.0,0.0
bus137,bus135,2023,MW,0.0,0.0
bus135,bus140,2023,MW,0.0,0.0
bus140,bus135,2023,MW,0.0,0.0
bus136,bus140,2023,MW,0.0,0.0
bus140,bus136,2023,MW,0.0,0.0
bus138,bus133,2023,MW,0.0,0.0
bus133,bus138,2023,MW,0.0,0.0
bus139,bus132,2023,MW,0.0,0.0
bus132,bus139,2023,MW,0.0,0.0
bus14,bus13,2023,MW,0.0,0.0
bus13,bus14,2023,MW,0.0,0.0
bus14,bus15,2023,MW,0.0,0.0
bus15,bus14,2023,MW,0.0,0.0
bus143,bus139,2023,MW,0.0,0.0
bus139,bus143,2023,MW,0.0,0.0
bus144,bus145,2023,MW,0.0,0.0
bus145,bus144,2023,MW,0.0,0.0
bus145,bus138,2023,MW,0.0,0.0
bus138,bus145,2023,MW,0.0,0.0
bus145,bus146,2023,MW,0.0,0.0
bus146,bus145,2023,MW,0.0,0.0
bus146,bus126,2023,MW,0.0,0.0
bus126,bus146,2023,MW,0.0,0.0
bus146,bus142,2023,MW,0.0,0.0
bus142,bus146,2023,MW,0.0,0.0
bus147,bus141,2023,MW,0.0,0.0
bus141,bus147,2023,MW,0.0,0.0
bus149,bus147,2023,MW,0.0,0.0
bus147,bus149,2023,MW,0.0,0.0
bus149,bus148,2023,MW,0.0,0.0
bus148,bus149,2023,MW,0.0,0.0
bus15,bus24,2023,MW,0.0,0.0
bus24,bus15,2023,MW,0.0,0.0
bus150,bus149,2023,MW,0.0,0.0
bus149,bus150,2023,MW,0.0,0.0
bus151,bus131,2023,MW,0.0,0.0
bus131,bus151,2023,MW,0.0,0.0
bus151,bus150,2023,MW,0.0,0.0
bus150,bus151,2023,MW,0.0,0.0
bus152,bus133,2023,MW,0.0,0.0
bus133,bus152,2023,MW,0.0,0.0
bus155,bus153,2023,MW,0.0,0.0
bus153,bus155,2023,MW,0.0,0.0
bus155,bus154,2023,MW,0.0,0.0
bus154,bus155,2023,MW,0.0,0.0
bus156,bus157,2023,MW,0.0,0.0
bus157,bus156,2023,MW,0.0,0.0
bus156,bus198,2023,MW,0.0,0.0
bus198,bus156,2023,MW,0.0,0.0
bus156,bus201,2023,MW,0.0,0.0
bus201,bus156,2023,MW,0.0,0.0
bus157,bus155,2023,MW,0.0,0.0
bus155,bus157,2023,MW,0.0,0.0
bus158,bus156,2023,MW,0.0,0.0
bus156,bus158,2023,MW,0.0,0.0
bus159,bus163,2023,MW,0.0,0.0
bus163,bus159,2023,MW,0.0,0.0
bus159,bus183,2023,MW,0.0,0.0
bus183,bus159,2023,MW,0.0,0.0
bus159,bus187,2023,MW,0.0,0.0
bus187,bus159,2023,MW,0.0,0.0
bus160,bus158,2023,MW,0.0,0.0
bus158,bus160,2023,MW,0.0,0.0
bus160,bus159,2023,MW,0.0,0.0
bus159,bus160,2023,MW,0.0,0.0
bus160,bus161,2023,MW,0.0,0.0
bus161,bus160,2023,MW,0.0,0.0
bus160,bus167,2023,MW,0.0,0.0
bus167,bus160,2023,MW,0.0,0.0
bus160,bus172,2023,MW,0.0,0.0
bus172,bus160,2023,MW,0.0,0.0
bus161,bus162,2023,MW,0.0,0.0
bus162,bus161,2023,MW,0.0,0.0
bus161,bus196,2023,MW,0.0,0.0
bus196,bus161,2023,MW,0.0,0.0
bus162,bus163,2023,MW,0.0,0.0
bus163,bus162,2023,MW,0.0,0.0
bus162,bus164,2023,MW,0.0,0.0
bus164,bus162,2023,MW,0.0,0.0
bus163,bus170,2023,MW,0.0,0.0
bus170,bus163,2023,MW,0.0,0.0
bus164,bus166,2023,MW,0.0,0.0
bus166,bus164,2023,MW,0.0,0.0
bus165,bus171,2023,MW,0.0,0.0
bus171,bus165,2023,MW,0.0,0.0
bus166,bus165,2023,MW,0.0,0.0
bus165,bus166,2023,MW,0.0,0.0
bus166,bus171,2023,MW,0.0,0.0
bus171,bus166,2023,MW,0.0,0.0
bus167,bus168,2023,MW,0.0,0.0
bus168,bus167,2023,MW,0.0,0.0
bus168,bus169,2023,MW,0.0,0.0
bus169,bus168,2023,MW,0.0,0.0
bus169,bus194,2023,MW,0.0,0.0
bus194,bus169,2023,MW,0.0,0.0
bus169,bus197,2023,MW,0.0,0.0
bus197,bus169,2023,MW,0.0,0.0
bus17,bus19,2023,MW,0.0,0.0
bus19,bus17,2023,MW,0.0,0.0
bus17,bus4,2023,MW,0.0,0.0
bus4,bus17,2023,MW,0.0,0.0
bus170,bus172,2023,MW,0.0,0.0
bus172,bus170,2023,MW,0.0,0.0
bus171,bus152,2023,MW,0.0,0.0
bus152,bus171,2023,MW,0.0,0.0
bus172,bus127,2023,MW,0.0,0.0
bus127,bus172,2023,MW,0.0,0.0
bus172,bus145,2023,MW,0.0,0.0
bus145,bus172,2023,MW,0.0,0.0
bus173,bus170,2023,MW,0.0,0.0
bus170,bus173,2023,MW,0.0,0.0
bus174,bus175,2023,MW,0.0,0.0
bus175,bus174,2023,MW,0.0,0.0
bus174,bus176,2023,MW,0.0,0.0
bus176,bus174,2023,MW,0.0,0.0
bus175,bus179,2023,MW,0.0,0.0
bus179,bus175,2023,MW,0.0,0.0
bus176,bus173,2023,MW,0.0,0.0
bus173,bus176,2023,MW,0.0,0.0
bus176,bus175,2023,MW,0.0,0.0
bus175,bus176,2023,MW,0.0,0.0
bus176,bus181,2023,MW,0.0,0.0
bus181,bus176,2023,MW,0.0,0.0
bus177,bus176,2023,MW,0.0,0.0
bus176,bus177,2023,MW,0.0,0.0
bus178,bus177,2023,MW,0.0,0.0
bus177,bus178,2023,MW,0.0,0.0
bus178,bus181,2023,MW,0.0,0.0
bus181,bus178,2023,MW,0.0,0.0
bus179,bus118,2023,MW,0.0,0.0
bus118,bus179,2023,MW,0.0,0.0
bus179,bus178,2023,MW,0.0,0.0
bus178,bus179,2023,MW,0.0,0.0
bus179,bus180,2023,MW,0.0,0.0
bus180,bus179,2023,MW,0.0,0.0
bus18,bus21,2023,MW,0.0,0.0
bus21,bus18,2023,MW,0.0,0.0
bus180,bus181,2023,MW,0.0,0.0
bus181,bus180,2023,MW,0.0,0.0
bus181,bus117,2023,MW,0.0,0.0
bus117,bus181,2023,MW,0.0,0.0
bus181,bus224,2023,MW,0.0,0.0
bus224,bus181,2023,MW,0.0,0.0
bus182,bus178,2023,MW,0.0,0.0
bus178,bus182,2023,MW,0.0,0.0
bus182,bus185,2023,MW,0.0,0.0
bus185,bus182,2023,MW,0.0,0.0
bus183,bus190,2023,MW,0.0,0.0
bus190,bus183,2023,MW,0.0,0.0
bus185,bus184,2023,MW,0.0,0.0
bus184,bus185,2023,MW,0.0,0.0
bus185,bus186,2023,MW,0.0,0.0
bus186,bus185,2023,MW,0.0,0.0
bus186,bus193,2023,MW,0.0,0.0
bus193,bus186,2023,MW,0.0,0.0
bus186,bus195,2023,MW,0.0,0.0
bus195,bus186,2023,MW,0.0,0.0
bus187,bus190,2023,MW,0.0,0.0
bus190,bus187,2023,MW,0.0,0.0
bus187,bus192,2023,MW,0.0,0.0
bus192,bus187,2023,MW,0.0,0.0
bus188,bus229,2023,MW,0.0,0.0
bus229,bus188,2023,MW,0.0,0.0
bus189,bus182,2023,MW,0.0,0.0
bus182,bus189,2023,MW,0.0,0.0
bus189,bus190,2023,MW,0.0,0.0
bus190,bus189,2023,MW,0.0,0.0
bus19,bus20,2023,MW,0.0,0.0
bus20,bus19,2023,MW,0.0,0.0
bus190,bus192,2023,MW,0.0,0.0
bus192,bus190,2023,MW,0.0,0.0
bus190,bus221,2023,MW,0.0,0.0
bus221,bus190,2023,MW,0.0,0.0
bus191,bus189,2023,MW,0.0,0.0
bus189,bus191,2023,MW,0.0,0.0
bus191,bus220,2023,MW,0.0,0.0
bus220,bus191,2023,MW,0.0,0.0
bus192,bus216,2023,MW,0.0,0.0
bus216,bus192,2023,MW,0.0,0.0
bus192,bus229,2023,MW,0.0,0.0
bus229,bus192,2023,MW,0.0,0.0
bus193,bus187,2023,MW,0.0,0.0
bus187,bus193,2023,MW,0.0,0.0
bus194,bus188,2023,MW,0.0,0.0
bus188,bus194,2023,MW,0.0,0.0
bus195,bus196,2023,MW,0.0,0.0
bus196,bus195,2023,MW,0.0,0.0
bus196,bus202,2023,MW,0.0,0.0
bus202,bus196,2023,MW,0.0,0.0
bus199,bus198,2023,MW,0.0,0.0
bus198,bus199,2023,MW,0.0,0.0
bus2,bus3,2023,MW,0.0,0.0
bus3,bus2,2023,MW,0.0,0.0
bus2,bus8,2023,MW,0.0,0.0
bus8,bus2,2023,MW,0.0,0.0
bus2,bus9,2023,MW,0.0,0.0
bus9,bus2,2023,MW,0.0,0.0
bus200,bus198,2023,MW,0.0,0.0
bus198,bus200,2023,MW,0.0,0.0
bus202,bus197,2023,MW,0.0,0.0
bus197,bus202,2023,MW,0.0,0.0
bus203,bus202,2023,MW,0.0,0.0
bus202,bus203,2023,MW,0.0,0.0
bus204,bus205,2023,MW,0.0,0.0
bus205,bus204,2023,MW,0.0,0.0
bus205,bus207,2023,MW,0.0,0.0
bus207,bus205,2023,MW,0.0,0.0
bus206,bus205,2023,MW,0.0,0.0
bus205,bus206,2023,MW,0.0,0.0
bus207,bus208,2023,MW,0.0,0.0
bus208,bus207,2023,MW,0.0,0.0
bus208,bus387,2023,MW,0.0,0.0
bus387,bus208,2023,MW,0.0,0.0
bus209,bus405,2023,MW,0.0,0.0
bus405,bus209,2023,MW,0.0,0.0
bus21,bus7,2023,MW,0.0,0.0
bus7,bus21,2023,MW,0.0,0.0
bus210,bus403,2023,MW,0.0,0.0
bus403,bus210,2023,MW,0.0,0.0
bus211,bus229,2023,MW,0.0,0.0
bus229,bus211,2023,MW,0.0,0.0
bus213,bus358,2023,MW,0.0,0.0
bus358,bus213,2023,MW,0.0,0.0
bus214,bus231,2023,MW,0.0,0.0
bus231,bus214,2023,MW,0.0,0.0
bus216,bus217,2023,MW,0.0,0.0
bus217,bus216,2023,MW,0.0,0.0
bus216,bus388,2023,MW,0.0,0.0
bus388,bus216,2023,MW,0.0,0.0
bus217,bus218,2023,MW,0.0,0.0
bus218,bus217,2023,MW,0.0,0.0
bus218,bus220,2023,MW,0.0,0.0
bus220,bus218,2023,MW,0.0,0.0
bus22,bus17,2023,MW,0.0,0.0
bus17,bus22,2023,MW,0.0,0.0
bus22,bus58,2023,MW,0.0,0.0
bus58,bus22,2023,MW,0.0,0.0
bus221,bus220,2023,MW,0.0,0.0
bus220,bus221,2023,MW,0.0,0.0
bus221,bus224,2023,MW,0.0,0.0
bus224,bus221,2023,MW,0.0,0.0
bus222,bus225,2023,MW,0.0,0.0
bus225,bus222,2023,MW,0.0,0.0
bus222,bus261,2023,MW,0.0,0.0
bus261,bus222,2023,MW,0.0,0.0
bus222,bus268,2023,MW,0.0,0.0
bus268,bus222,2023,MW,0.0,0.0
bus223,bus222,2023,MW,0.0,0.0
bus222,bus223,2023,MW,0.0,0.0
bus223,bus229,2023,MW,0.0,0.0
bus229,bus223,2023,MW,0.0,0.0
bus224,bus114,2023,MW,0.0,0.0
bus114,bus224,2023,MW,0.0,0.0
bus224,bus180,2023,MW,0.0,0.0
bus180,bus224,2023,MW,0.0,0.0
bus224,bus223,2023,MW,0.0,0.0
bus223,bus224,2023,MW,0.0,0.0
bus226,bus227,2023,MW,0.0,0.0
bus227,bus226,2023,MW,0.0,0.0
bus226,bus228,2023,MW,0.0,0.0
bus228,bus226,2023,MW,0.0,0.0
bus227,bus225,2023,MW,0.0,0.0
bus225,bus227,2023,MW,0.0,0.0
bus227,bus229,2023,MW,0.0,0.0
bus229,bus227,2023,MW,0.0,0.0
bus229,bus214,2023,MW,0.0,0.0
bus214,bus229,2023,MW,0.0,0.0
bus229,bus215,2023,MW,0.0,0.0
bus215,bus229,2023,MW,0.0,0.0
bus229,bus219,2023,MW,0.0,0.0
bus219,bus229,2023,MW,0.0,0.0
bus229,bus233,2023,MW,0.0,0.0
bus233,bus229,2023,MW,0.0,0.0
bus229,bus234,2023,MW,0.0,0.0
bus234,bus229,2023,MW,0.0,0.0
bus229,bus265,2023,MW,0.0,0.0
bus265,bus229,2023,MW,0.0,0.0
bus23,bus24,2023,MW,0.0,0.0
bus24,bus23,2023,MW,0.0,0.0
bus23,bus43,2023,MW,0.0,0.0
bus43,bus23,2023,MW,0.0,0.0
bus23,bus57,2023,MW,0.0,0.0
bus57,bus23,2023,MW,0.0,0.0
bus233,bus236,2023,MW,0.0,0.0
bus236,bus233,2023,MW,0.0,0.0
bus233,bus261,2023,MW,0.0,0.0
bus261,bus233,2023,MW,0.0,0.0
bus234,bus235,2023,MW,0.0,0.0
bus235,bus234,2023,MW,0.0,0.0
bus234,bus236,2023,MW,0.0,0.0
bus236,bus234,2023,MW,0.0,0.0
bus234,bus243,2023,MW,0.0,0.0
bus243,bus234,2023,MW,0.0,0.0
bus236,bus213,2023,MW,0.0,0.0
bus213,bus236,2023,MW,0.0,0.0
bus236,bus255,2023,MW,0.0,0.0
bus255,bus236,2023,MW,0.0,0.0
bus238,bus230,2023,MW,0.0,0.0
bus230,bus238,2023,MW,0.0,0.0
bus238,bus237,2023,MW,0.0,0.0
bus237,bus238,2023,MW,0.0,0.0
bus238,bus242,2023,MW,0.0,0.0
bus242,bus238,2023,MW,0.0,0.0
bus238,bus243,2023,MW,0.0,0.0
bus243,bus238,2023,MW,0.0,0.0
bus238,bus344,2023,MW,0.0,0.0
bus344,bus238,2023,MW,0.0,0.0
bus239,bus238,2023,MW,0.0,0.0
bus238,bus239,2023,MW,0.0,0.0
bus239,bus263,2023,MW,0.0,0.0
bus263,bus239,2023,MW,0.0,0.0
bus24,bus17,2023,MW,0.0,0.0
bus17,bus24,2023,MW,0.0,0.0
bus24,bus27,2023,MW,0.0,0.0
bus27,bus24,2023,MW,0.0,0.0
bus240,bus344,2023,MW,0.0,0.0
bus344,bus240,2023,MW,0.0,0.0
bus240,bus345,2023,MW,0.0,0.0
bus345,bus240,2023,MW,0.0,0.0
bus241,bus240,2023,MW,0.0,0.0
bus240,bus241,2023,MW,0.0,0.0
bus242,bus241,2023,MW,0.0,0.0
bus241,bus242,2023,MW,0.0,0.0
bus242,bus243,2023,MW,0.0,0.0
bus243,bus242,2023,MW,0.0,0.0
bus243,bus233,2023,MW,0.0,0.0
bus233,bus243,2023,MW,0.0,0.0
bus243,bus241,2023,MW,0.0,0.0
bus241,bus243,2023,MW,0.0,0.0
bus244,bus245,2023,MW,0.0,0.0
bus245,bus244,2023,MW,0.0,0.0
bus245,bus236,2023,MW,0.0,0.0
bus236,bus245,2023,MW,0.0,0.0
bus245,bus246,2023,MW,0.0,0.0
bus246,bus245,2023,MW,0.0,0.0
bus245,bus248,2023,MW,0.0,0.0
bus248,bus245,2023,MW,0.0,0.0
bus246,bus249,2023,MW,0.0,0.0
bus249,bus246,2023,MW,0.0,0.0
bus246,bus250,2023,MW,0.0,0.0
bus250,bus246,2023,MW,0.0,0.0
bus247,bus248,2023,MW,0.0,0.0
bus248,bus247,2023,MW,0.0,0.0
bus247,bus310,2023,MW,0.0,0.0
bus310,bus247,2023,MW,0.0,0.0
bus248,bus250,2023,MW,0.0,0.0
bus250,bus248,2023,MW,0.0,0.0
bus249,bus248,2023,MW,0.0,0.0
bus248,bus249,2023,MW,0.0,0.0
bus25,bus26,2023,MW,0.0,0.0
bus26,bus25,2023,MW,0.0,0.0
bus250,bus247,2023,MW,0.0,0.0
bus247,bus250,2023,MW,0.0,0.0
bus250,bus253,2023,MW,0.0,0.0
bus253,bus250,2023,MW,0.0,0.0
bus251,bus252,2023,MW,0.0,0.0
bus252,bus251,2023,MW,0.0,0.0
bus252,bus250,2023,MW,0.0,0.0
bus250,bus252,2023,MW,0.0,0.0
bus253,bus257,2023,MW,0.0,0.0
bus257,bus253,2023,MW,0.0,0.0
bus253,bus259,2023,MW,0.0,0.0
bus259,bus253,2023,MW,0.0,0.0
bus254,bus245,2023,MW,0.0,0.0
bus245,bus254,2023,MW,0.0,0.0
bus255,bus245,2023,MW,0.0,0.0
bus245,bus255,2023,MW,0.0,0.0
bus256,bus258,2023,MW,0.0,0.0
bus258,bus256,2023,MW,0.0,0.0
bus257,bus262,2023,MW,0.0,0.0
bus262,bus257,2023,MW,0.0,0.0
bus259,bus258,2023,MW,0.0,0.0
bus258,bus259,2023,MW,0.0,0.0
bus26,bus24,2023,MW,0.0,0.0
bus24,bus26,2023,MW,0.0,0.0
bus260,bus262,2023,MW,0.0,0.0
bus262,bus260,2023,MW,0.0,0.0
bus261,bus262,2023,MW,0.0,0.0
bus262,bus261,2023,MW,0.0,0.0
bus261,bus268,2023,MW,0.0,0.0
bus268,bus261,2023,MW,0.0,0.0
bus262,bus258,2023,MW,0.0,0.0
bus258,bus262,2023,MW,0.0,0.0
bus262,bus263,2023,MW,0.0,0.0
bus263,bus262,2023,MW,0.0,0.0
bus264,bus266,2023,MW,0.0,0.0
bus266,bus264,2023,MW,0.0,0.0
bus264,bus267,2023,MW,0.0,0.0
bus267,bus264,2023,MW,0.0,0.0
bus265,bus264,2023,MW,0.0,0.0
bus264,bus265,2023,MW,0.0,0.0
bus265,bus266,2023,MW,0.0,0.0
bus266,bus265,2023,MW,0.0,0.0
bus266,bus231,2023,MW,0.0,0.0
bus231,bus266,2023,MW,0.0,0.0
bus266,bus232,2023,MW,0.0,0.0
bus232,bus266,2023,MW,0.0,0.0
bus266,bus235,2023,MW,0.0,0.0
bus235,bus266,2023,MW,0.0,0.0
bus267,bus226,2023,MW,0.0,0.0
bus226,bus267,2023,MW,0.0,0.0
bus267,bus262,2023,MW,0.0,0.0
bus262,bus267,2023,MW,0.0,0.0
bus268,bus266,2023,MW,0.0,0.0
bus266,bus268,2023,MW,0.0,0.0
bus268,bus269,2023,MW,0.0,0.0
bus269,bus268,2023,MW,0.0,0.0
bus268,bus271,2023,MW,0.0,0.0
bus271,bus268,2023,MW,0.0,0.0
bus269,bus258,2023,MW,0.0,0.0
bus258,bus269,2023,MW,0.0,0.0
bus269,bus260,2023,MW,0.0,0.0
bus260,bus269,2023,MW,0.0,0.0
bus269,bus270,2023,MW,0.0,0.0
bus270,bus269,2023,MW,0.0,0.0
bus27,bus30,2023,MW,0.0,0.0
bus30,bus27,2023,MW,0.0,0.0
bus272,bus102,2023,MW,0.0,0.0
bus102,bus272,2023,MW,0.0,0.0
bus272,bus246,2023,MW,0.0,0.0
bus246,bus272,2023,MW,0.0,0.0
bus272,bus273,2023,MW,0.0,0.0
bus273,bus272,2023,MW,0.0,0.0
bus273,bus252,2023,MW,0.0,0.0
bus252,bus273,2023,MW,0.0,0.0
bus273,bus269,2023,MW,0.0,0.0
bus269,bus273,2023,MW,0.0,0.0
bus275,bus289,2023,MW,0.0,0.0
bus289,bus275,2023,MW,0.0,0.0
bus276,bus274,2023,MW,0.0,0.0
bus274,bus276,2023,MW,0.0,0.0
bus276,bus275,2023,MW,0.0,0.0
bus275,bus276,2023,MW,0.0,0.0
bus277,bus276,2023,MW,0.0,0.0
bus276,bus277,2023,MW,0.0,0.0
bus277,bus293,2023,MW,0.0,0.0
bus293,bus277,2023,MW,0.0,0.0
bus279,bus277,2023,MW,0.0,0.0
bus277,bus279,2023,MW,0.0,0.0
bus279,bus278,2023,MW,0.0,0.0
bus278,bus279,2023,MW,0.0,0.0
bus28,bus45,2023,MW,0.0,0.0
bus45,bus28,2023,MW,0.0,0.0
bus281,bus278,2023,MW,0.0,0.0
bus278,bus281,2023,MW,0.0,0.0
bus281,bus282,2023,MW,0.0,0.0
bus282,bus281,2023,MW,0.0,0.0
bus283,bus103,2023,MW,0.0,0.0
bus103,bus283,2023,MW,0.0,0.0
bus283,bus284,2023,MW,0.0,0.0
bus284,bus283,2023,MW,0.0,0.0
bus284,bus285,2023,MW,0.0,0.0
bus285,bus284,2023,MW,0.0,0.0
bus285,bus288,2023,MW,0.0,0.0
bus288,bus285,2023,MW,0.0,0.0
bus286,bus287,2023,MW,0.0,0.0
bus287,bus286,2023,MW,0.0,0.0
bus286,bus288,2023,MW,0.0,0.0
bus288,bus286,2023,MW,0.0,0.0
bus288,bus105,2023,MW,0.0,0.0
bus105,bus288,2023,MW,0.0,0.0
bus289,bus288,2023,MW,0.0,0.0
bus288,bus289,2023,MW,0.0,0.0
bus289,bus290,2023,MW,0.0,0.0
bus290,bus289,2023,MW,0.0,0.0
bus291,bus303,2023,MW,0.0,0.0
bus303,bus291,2023,MW,0.0,0.0
bus292,bus273,2023,MW,0.0,0.0
bus273,bus292,2023,MW,0.0,0.0
bus292,bus293,2023,MW,0.0,0.0
bus293,bus292,2023,MW,0.0,0.0
bus292,bus294,2023,MW,0.0,0.0
bus294,bus292,2023,MW,0.0,0.0
bus293,bus291,2023,MW,0.0,0.0
bus291,bus293,2023,MW,0.0,0.0
bus295,bus294,2023,MW,0.0,0.0
bus294,bus295,2023,MW,0.0,0.0
bus295,bus299,2023,MW,0.0,0.0
bus299,bus295,2023,MW,0.0,0.0
bus296,bus251,2023,MW,0.0,0.0
bus251,bus296,2023,MW,0.0,0.0
bus296,bus273,2023,MW,0.0,0.0
bus273,bus296,2023,MW,0.0,0.0
bus296,bus297,2023,MW,0.0,0.0
bus297,bus296,2023,MW,0.0,0.0
bus296,bus309,2023,MW,0.0,0.0
bus309,bus296,2023,MW,0.0,0.0
bus297,bus298,2023,MW,0.0,0.0
bus298,bus297,2023,MW,0.0,0.0
bus298,bus295,2023,MW,0.0,0.0
bus295,bus298,2023,MW,0.0,0.0
bus299,bus300,2023,MW,0.0,0.0
bus300,bus299,2023,MW,0.0,0.0
bus30,bus31,2023,MW,0.0,0.0
bus31,bus30,2023,MW,0.0,0.0
bus30,bus57,2023,MW,0.0,0.0
bus57,bus30,2023,MW,0.0,0.0
bus300,bus301,2023,MW,0.0,0.0
bus301,bus300,2023,MW,0.0,0.0
bus301,bus308,2023,MW,0.0,0.0
bus308,bus301,2023,MW,0.0,0.0
bus303,bus302,2023,MW,0.0,0.0
bus302,bus303,2023,MW,0.0,0.0
bus304,bus302,2023,MW,0.0,0.0
bus302,bus304,2023,MW,0.0,0.0
bus304,bus305,2023,MW,0.0,0.0
bus305,bus304,2023,MW,0.0,0.0
bus306,bus307,2023,MW,0.0,0.0
bus307,bus306,2023,MW,0.0,0.0
bus306,bus311,2023,MW,0.0,0.0
bus311,bus306,2023,MW,0.0,0.0
bus307,bus305,2023,MW,0.0,0.0
bus305,bus307,2023,MW,0.0,0.0
bus308,bus307,2023,MW,0.0,0.0
bus307,bus308,2023,MW,0.0,0.0
bus309,bus310,2023,MW,0.0,0.0
bus310,bus309,2023,MW,0.0,0.0
bus31,bus32,2023,MW,0.0,0.0
bus32,bus31,2023,MW,0.0,0.0
bus310,bus308,2023,MW,0.0,0.0
bus308,bus310,2023,MW,0.0,0.0
bus310,bus336,2023,MW,0.0,0.0
bus336,bus310,2023,MW,0.0,0.0
bus311,bus312,2023,MW,0.0,0.0
bus312,bus311,2023,MW,0.0,0.0
bus312,bus313,2023,MW,0.0,0.0
bus313,bus312,2023,MW,0.0,0.0
bus313,bus321,2023,MW,0.0,0.0
bus321,bus313,2023,MW,0.0,0.0
bus315,bus316,2023,MW,0.0,0.0
bus316,bus315,2023,MW,0.0,0.0
bus315,bus73,2023,MW,0.0,0.0
bus73,bus315,2023,MW,0.0,0.0
bus315,bus76,2023,MW,0.0,0.0
bus76,bus315,2023,MW,0.0,0.0
bus316,bus317,2023,MW,0.0,0.0
bus317,bus316,2023,MW,0.0,0.0
bus316,bus318,2023,MW,0.0,0.0
bus318,bus316,2023,MW,0.0,0.0
bus317,bus333,2023,MW,0.0,0.0
bus333,bus317,2023,MW,0.0,0.0
bus318,bus319,2023,MW,0.0,0.0
bus319,bus318,2023,MW,0.0,0.0
bus318,bus335,2023,MW,0.0,0.0
bus335,bus318,2023,MW,0.0,0.0
bus319,bus320,2023,MW,0.0,0.0
bus320,bus319,2023,MW,0.0,0.0
bus321,bus314,2023,MW,0.0,0.0
bus314,bus321,2023,MW,0.0,0.0
bus321,bus323,2023,MW,0.0,0.0
bus323,bus321,2023,MW,0.0,0.0
bus321,bus325,2023,MW,0.0,0.0
bus325,bus321,2023,MW,0.0,0.0
bus323,bus324,2023,MW,0.0,0.0
bus324,bus323,2023,MW,0.0,0.0
bus324,bus326,2023,MW,0.0,0.0
bus326,bus324,2023,MW,0.0,0.0
bus325,bus340,2023,MW,0.0,0.0
bus340,bus325,2023,MW,0.0,0.0
bus326,bus327,2023,MW,0.0,0.0
bus327,bus326,2023,MW,0.0,0.0
bus327,bus328,2023,MW,0.0,0.0
bus328,bus327,2023,MW,0.0,0.0
bus328,bus325,2023,MW,0.0,0.0
bus325,bus328,2023,MW,0.0,0.0
bus328,bus329,2023,MW,0.0,0.0
bus329,bus328,2023,MW,0.0,0.0
bus328,bus330,2023,MW,0.0,0.0
bus330,bus328,2023,MW,0.0,0.0
bus328,bus336,2023,MW,0.0,0.0
bus336,bus328,2023,MW,0.0,0.0
bus328,bus338,2023,MW,0.0,0.0
bus338,bus328,2023,MW,0.0,0.0
bus329,bus322,2023,MW,0.0,0.0
bus322,bus329,2023,MW,0.0,0.0
bus329,bus338,2023,MW,0.0,0.0
bus338,bus329,2023,MW,0.0,0.0
bus329,bus363,2023,MW,0.0,0.0
bus363,bus329,2023,MW,0.0,0.0
bus33,bus37,2023,MW,0.0,0.0
bus37,bus33,2023,MW,0.0,0.0
bus33,bus44,2023,MW,0.0,0.0
bus44,bus33,2023,MW,0.0,0.0
bus330,bus332,2023,MW,0.0,0.0
bus332,bus330,2023,MW,0.0,0.0
bus331,bus320,2023,MW,0.0,0.0
bus320,bus331,2023,MW,0.0,0.0
bus331,bus322,2023,MW,0.0,0.0
bus322,bus331,2023,MW,0.0,0.0
bus332,bus333,2023,MW,0.0,0.0
bus333,bus332,2023,MW,0.0,0.0
bus332,bus334,2023,MW,0.0,0.0
bus334,bus332,2023,MW,0.0,0.0
bus336,bus337,2023,MW,0.0,0.0
bus337,bus336,2023,MW,0.0,0.0
bus337,bus248,2023,MW,0.0,0.0
bus248,bus337,2023,MW,0.0,0.0
bus337,bus363,2023,MW,0.0,0.0
bus363,bus337,2023,MW,0.0,0.0
bus338,bus339,2023,MW,0.0,0.0
bus339,bus338,2023,MW,0.0,0.0
bus338,bus340,2023,MW,0.0,0.0
bus340,bus338,2023,MW,0.0,0.0
bus339,bus353,2023,MW,0.0,0.0
bus353,bus339,2023,MW,0.0,0.0
bus34,bus31,2023,MW,0.0,0.0
bus31,bus34,2023,MW,0.0,0.0
bus34,bus35,2023,MW,0.0,0.0
bus35,bus34,2023,MW,0.0,0.0
bus34,bus54,2023,MW,0.0,0.0
bus54,bus34,2023,MW,0.0,0.0
bus340,bus310,2023,MW,0.0,0.0
bus310,bus340,2023,MW,0.0,0.0
bus342,bus248,2023,MW,0.0,0.0
bus248,bus342,2023,MW,0.0,0.0
bus343,bus342,2023,MW,0.0,0.0
bus342,bus343,2023,MW,0.0,0.0
bus344,bus341,2023,MW,0.0,0.0
bus341,bus344,2023,MW,0.0,0.0
bus346,bus243,2023,MW,0.0,0.0
bus243,bus346,2023,MW,0.0,0.0
bus347,bus349,2023,MW,0.0,0.0
bus349,bus347,2023,MW,0.0,0.0
bus347,bus350,2023,MW,0.0,0.0
bus350,bus347,2023,MW,0.0,0.0
bus347,bus354,2023,MW,0.0,0.0
bus354,bus347,2023,MW,0.0,0.0
bus348,bus342,2023,MW,0.0,0.0
bus342,bus348,2023,MW,0.0,0.0
bus348,bus347,2023,MW,0.0,0.0
bus347,bus348,2023,MW,0.0,0.0
bus350,bus351,2023,MW,0.0,0.0
bus351,bus350,2023,MW,0.0,0.0
bus351,bus346,2023,MW,0.0,0.0
bus346,bus351,2023,MW,0.0,0.0
bus352,bus243,2023,MW,0.0,0.0
bus243,bus352,2023,MW,0.0,0.0
bus352,bus348,2023,MW,0.0,0.0
bus348,bus352,2023,MW,0.0,0.0
bus353,bus360,2023,MW,0.0,0.0
bus360,bus353,2023,MW,0.0,0.0
bus354,bus355,2023,MW,0.0,0.0
bus355,bus354,2023,MW,0.0,0.0
bus355,bus347,2023,MW,0.0,0.0
bus347,bus355,2023,MW,0.0,0.0
bus356,bus354,2023,MW,0.0,0.0
bus354,bus356,2023,MW,0.0,0.0
bus357,bus356,2023,MW,0.0,0.0
bus356,bus357,2023,MW,0.0,0.0
bus358,bus357,2023,MW,0.0,0.0
bus357,bus358,2023,MW,0.0,0.0
bus358,bus365,2023,MW,0.0,0.0
bus365,bus358,2023,MW,0.0,0.0
bus359,bus354,2023,MW,0.0,0.0
bus354,bus359,2023,MW,0.0,0.0
bus359,bus358,2023,MW,0.0,0.0
bus358,bus359,2023,MW,0.0,0.0
bus359,bus399,2023,MW,0.0,0.0
bus399,bus359,2023,MW,0.0,0.0
bus36,bus35,2023,MW,0.0,0.0
bus35,bus36,2023,MW,0.0,0.0
bus360,bus364,2023,MW,0.0,0.0
bus364,bus360,2023,MW,0.0,0.0
bus361,bus360,2023,MW,0.0,0.0
bus360,bus361,2023,MW,0.0,0.0
bus361,bus362,2023,MW,0.0,0.0
bus362,bus361,2023,MW,0.0,0.0
bus363,bus361,2023,MW,0.0,0.0
bus361,bus363,2023,MW,0.0,0.0
bus363,bus364,2023,MW,0.0,0.0
bus364,bus363,2023,MW,0.0,0.0
bus366,bus367,2023,MW,0.0,0.0
bus367,bus366,2023,MW,0.0,0.0
bus367,bus364,2023,MW,0.0,0.0
bus364,bus367,2023,MW,0.0,0.0
bus368,bus369,2023,MW,0.0,0.0
bus369,bus368,2023,MW,0.0,0.0
bus368,bus372,2023,MW,0.0,0.0
bus372,bus368,2023,MW,0.0,0.0
bus368,bus460,2023,MW,0.0,0.0
bus460,bus368,2023,MW,0.0,0.0
bus369,bus371,2023,MW,0.0,0.0
bus371,bus369,2023,MW,0.0,0.0
bus37,bus34,2023,MW,0.0,0.0
bus34,bus37,2023,MW,0.0,0.0
bus37,bus38,2023,MW,0.0,0.0
bus38,bus37,2023,MW,0.0,0.0
bus370,bus372,2023,MW,0.0,0.0
bus372,bus370,2023,MW,0.0,0.0
bus372,bus397,2023,MW,0.0,0.0
bus397,bus372,2023,MW,0.0,0.0
bus372,bus399,2023,MW,0.0,0.0
bus399,bus372,2023,MW,0.0,0.0
bus373,bus380,2023,MW,0.0,0.0
bus380,bus373,2023,MW,0.0,0.0
bus374,bus373,2023,MW,0.0,0.0
bus373,bus374,2023,MW,0.0,0.0
bus374,bus378,2023,MW,0.0,0.0
bus378,bus374,2023,MW,0.0,0.0
bus375,bus371,2023,MW,0.0,0.0
bus371,bus375,2023,MW,0.0,0.0
bus375,bus456,2023,MW,0.0,0.0
bus456,bus375,2023,MW,0.0,0.0
bus376,bus375,2023,MW,0.0,0.0
bus375,bus376,2023,MW,0.0,0.0
bus376,bus377,2023,MW,0.0,0.0
bus377,bus376,2023,MW,0.0,0.0
bus376,bus455,2023,MW,0.0,0.0
bus455,bus376,2023,MW,0.0,0.0
bus377,bus374,2023,MW,0.0,0.0
bus374,bus377,2023,MW,0.0,0.0
bus378,bus368,2023,MW,0.0,0.0
bus368,bus378,2023,MW,0.0,0.0
bus378,bus377,2023,MW,0.0,0.0
bus377,bus378,2023,MW,0.0,0.0
bus378,bus402,2023,MW,0.0,0.0
bus402,bus378,2023,MW,0.0,0.0
bus378,bus452,2023,MW,0.0,0.0
bus452,bus378,2023,MW,0.0,0.0
bus379,bus377,2023,MW,0.0,0.0
bus377,bus379,2023,MW,0.0,0.0
bus379,bus454,2023,MW,0.0,0.0
bus454,bus379,2023,MW,0.0,0.0
bus38,bus34,2023,MW,0.0,0.0
bus34,bus38,2023,MW,0.0,0.0
bus381,bus382,2023,MW,0.0,0.0
bus382,bus381,2023,MW,0.0,0.0
bus381,bus383,2023,MW,0.0,0.0
bus383,bus381,2023,MW,0.0,0.0
bus381,bus384,2023,MW,0.0,0.0
bus384,bus381,2023,MW,0.0,0.0
bus381,bus386,2023,MW,0.0,0.0
bus386,bus381,2023,MW,0.0,0.0
bus381,bus390,2023,MW,0.0,0.0
bus390,bus381,2023,MW,0.0,0.0
bus382,bus384,2023,MW,0.0,0.0
bus384,bus382,2023,MW,0.0,0.0
bus383,bus373,2023,MW,0.0,0.0
bus373,bus383,2023,MW,0.0,0.0
bus383,bus379,2023,MW,0.0,0.0
bus379,bus383,2023,MW,0.0,0.0
bus384,bus385,2023,MW,0.0,0.0
bus385,bus384,2023,MW,0.0,0.0
bus384,bus418,2023,MW,0.0,0.0
bus418,bus384,2023,MW,0.0,0.0
bus385,bus386,2023,MW,0.0,0.0
bus386,bus385,2023,MW,0.0,0.0
bus385,bus404,2023,MW,0.0,0.0
bus404,bus385,2023,MW,0.0,0.0
bus386,bus374,2023,MW,0.0,0.0
bus374,bus386,2023,MW,0.0,0.0
bus387,bus381,2023,MW,0.0,0.0
bus381,bus387,2023,MW,0.0,0.0
bus387,bus388,2023,MW,0.0,0.0
bus388,bus387,2023,MW,0.0,0.0
bus388,bus386,2023,MW,0.0,0.0
bus386,bus388,2023,MW,0.0,0.0
bus389,bus390,2023,MW,0.0,0.0
bus390,bus389,2023,MW,0.0,0.0
bus39,bus29,2023,MW,0.0,0.0
bus29,bus39,2023,MW,0.0,0.0
bus39,bus32,2023,MW,0.0,0.0
bus32,bus39,2023,MW,0.0,0.0
bus39,bus38,2023,MW,0.0,0.0
bus38,bus39,2023,MW,0.0,0.0
bus390,bus391,2023,MW,0.0,0.0
bus391,bus390,2023,MW,0.0,0.0
bus391,bus392,2023,MW,0.0,0.0
bus392,bus391,2023,MW,0.0,0.0
bus391,bus394,2023,MW,0.0,0.0
bus394,bus391,2023,MW,0.0,0.0
bus392,bus390,2023,MW,0.0,0.0
bus390,bus392,2023,MW,0.0,0.0
bus392,bus397,2023,MW,0.0,0.0
bus397,bus392,2023,MW,0.0,0.0
bus394,bus211,2023,MW,0.0,0.0
bus211,bus394,2023,MW,0.0,0.0
bus394,bus386,2023,MW,0.0,0.0
bus386,bus394,2023,MW,0.0,0.0
bus394,bus393,2023,MW,0.0,0.0
bus393,bus394,2023,MW,0.0,0.0
bus394,bus402,2023,MW,0.0,0.0
bus402,bus394,2023,MW,0.0,0.0
bus395,bus396,2023,MW,0.0,0.0
bus396,bus395,2023,MW,0.0,0.0
bus396,bus392,2023,MW,0.0,0.0
bus392,bus396,2023,MW,0.0,0.0
bus396,bus397,2023,MW,0.0,0.0
bus397,bus396,2023,MW,0.0,0.0
bus397,bus398,2023,MW,0.0,0.0
bus398,bus397,2023,MW,0.0,0.0
bus399,bus394,2023,MW,0.0,0.0
bus394,bus399,2023,MW,0.0,0.0
bus399,bus396,2023,MW,0.0,0.0
bus396,bus399,2023,MW,0.0,0.0
bus399,bus400,2023,MW,0.0,0.0
bus400,bus399,2023,MW,0.0,0.0
bus4,bus8,2023,MW,0.0,0.0
bus8,bus4,2023,MW,0.0,0.0
bus4,bus96,2023,MW,0.0,0.0
bus96,bus4,2023,MW,0.0,0.0
bus40,bus34,2023,MW,0.0,0.0
bus34,bus40,2023,MW,0.0,0.0
bus400,bus358,2023,MW,0.0,0.0
bus358,bus400,2023,MW,0.0,0.0
bus400,bus398,2023,MW,0.0,0.0
bus398,bus400,2023,MW,0.0,0.0
bus401,bus212,2023,MW,0.0,0.0
bus212,bus401,2023,MW,0.0,0.0
bus401,bus393,2023,MW,0.0,0.0
bus393,bus401,2023,MW,0.0,0.0
bus402,bus229,2023,MW,0.0,0.0
bus229,bus402,2023,MW,0.0,0.0
bus402,bus387,2023,MW,0.0,0.0
bus387,bus402,2023,MW,0.0,0.0
bus403,bus387,2023,MW,0.0,0.0
bus387,bus403,2023,MW,0.0,0.0
bus405,bus420,2023,MW,0.0,0.0
bus420,bus405,2023,MW,0.0,0.0
bus406,bus209,2023,MW,0.0,0.0
bus209,bus406,2023,MW,0.0,0.0
bus406,bus405,2023,MW,0.0,0.0
bus405,bus406,2023,MW,0.0,0.0
bus407,bus409,2023,MW,0.0,0.0
bus409,bus407,2023,MW,0.0,0.0
bus407,bus420,2023,MW,0.0,0.0
bus420,bus407,2023,MW,0.0,0.0
bus408,bus407,2023,MW,0.0,0.0
bus407,bus408,2023,MW,0.0,0.0
bus41,bus40,2023,MW,0.0,0.0
bus40,bus41,2023,MW,0.0,0.0
bus411,bus410,2023,MW,0.0,0.0
bus410,bus411,2023,MW,0.0,0.0
bus412,bus411,2023,MW,0.0,0.0
bus411,bus412,2023,MW,0.0,0.0
bus413,bus424,2023,MW,0.0,0.0
bus424,bus413,2023,MW,0.0,0.0
bus415,bus414,2023,MW,0.0,0.0
bus414,bus415,2023,MW,0.0,0.0
bus417,bus415,2023,MW,0.0,0.0
bus415,bus417,2023,MW,0.0,0.0
bus417,bus416,2023,MW,0.0,0.0
bus416,bus417,2023,MW,0.0,0.0
bus417,bus425,2023,MW,0.0,0.0
bus425,bus417,2023,MW,0.0,0.0
bus418,bus406,2023,MW,0.0,0.0
bus406,bus418,2023,MW,0.0,0.0
bus418,bus423,2023,MW,0.0,0.0
bus423,bus418,2023,MW,0.0,0.0
bus418,bus424,2023,MW,0.0,0.0
bus424,bus418,2023,MW,0.0,0.0
bus419,bus407,2023,MW,0.0,0.0
bus407,bus419,2023,MW,0.0,0.0
bus419,bus418,2023,MW,0.0,0.0
bus418,bus419,2023,MW,0.0,0.0
bus419,bus420,2023,MW,0.0,0.0
bus420,bus419,2023,MW,0.0,0.0
bus42,bus43,2023,MW,0.0,0.0
bus43,bus42,2023,MW,0.0,0.0
bus421,bus420,2023,MW,0.0,0.0
bus420,bus421,2023,MW,0.0,0.0
bus421,bus422,2023,MW,0.0,0.0
bus422,bus421,2023,MW,0.0,0.0
bus422,bus384,2023,MW,0.0,0.0
bus384,bus422,2023,MW,0.0,0.0
bus423,bus417,2023,MW,0.0,0.0
bus417,bus423,2023,MW,0.0,0.0
bus423,bus424,2023,MW,0.0,0.0
bus424,bus423,2023,MW,0.0,0.0
bus424,bus387,2023,MW,0.0,0.0
bus387,bus424,2023,MW,0.0,0.0
bus424,bus416,2023,MW,0.0,0.0
bus416,bus424,2023,MW,0.0,0.0
bus425,bus412,2023,MW,0.0,0.0
bus412,bus425,2023,MW,0.0,0.0
bus425,bus416,2023,MW,0.0,0.0
bus416,bus425,2023,MW,0.0,0.0
bus426,bus425,2023,MW,0.0,0.0
bus425,bus426,2023,MW,0.0,0.0
bus426,bus427,2023,MW,0.0,0.0
bus427,bus426,2023,MW,0.0,0.0
bus426,bus430,2023,MW,0.0,0.0
bus430,bus426,2023,MW,0.0,0.0
bus426,bus434,2023,MW,0.0,0.0
bus434,bus426,2023,MW,0.0,0.0
bus427,bus425,2023,MW,0.0,0.0
bus425,bus427,2023,MW,0.0,0.0
bus427,bus428,2023,MW,0.0,0.0
bus428,bus427,2023,MW,0.0,0.0
bus428,bus436,2023,MW,0.0,0.0
bus436,bus428,2023,MW,0.0,0.0
bus429,bus428,2023,MW,0.0,0.0
bus428,bus429,2023,MW,0.0,0.0
bus43,bus34,2023,MW,0.0,0.0
bus34,bus43,2023,MW,0.0,0.0
bus431,bus430,2023,MW,0.0,0.0
bus430,bus431,2023,MW,0.0,0.0
bus432,bus435,2023,MW,0.0,0.0
bus435,bus432,2023,MW,0.0,0.0
bus433,bus430,2023,MW,0.0,0.0
bus430,bus433,2023,MW,0.0,0.0
bus433,bus432,2023,MW,0.0,0.0
bus432,bus433,2023,MW,0.0,0.0
bus434,bus433,2023,MW,0.0,0.0
bus433,bus434,2023,MW,0.0,0.0
bus436,bus434,2023,MW,0.0,0.0
bus434,bus436,2023,MW,0.0,0.0
bus438,bus437,2023,MW,0.0,0.0
bus437,bus438,2023,MW,0.0,0.0
bus438,bus439,2023,MW,0.0,0.0
bus439,bus438,2023,MW,0.0,0.0
bus440,bus445,2023,MW,0.0,0.0
bus445,bus440,2023,MW,0.0,0.0
bus442,bus441,2023,MW,0.0,0.0
bus441,bus442,2023,MW,0.0,0.0
bus443,bus442,2023,MW,0.0,0.0
bus442,bus443,2023,MW,0.0,0.0
bus444,bus439,2023,MW,0.0,0.0
bus439,bus444,2023,MW,0.0,0.0
bus444,bus448,2023,MW,0.0,0.0
bus448,bus444,2023,MW,0.0,0.0
bus445,bus443,2023,MW,0.0,0.0
bus443,bus445,2023,MW,0.0,0.0
bus445,bus444,2023,MW,0.0,0.0
bus444,bus445,2023,MW,0.0,0.0
bus445,bus446,2023,MW,0.0,0.0
bus446,bus445,2023,MW,0.0,0.0
bus446,bus457,2023,MW,0.0,0.0
bus457,bus446,2023,MW,0.0,0.0
bus446,bus459,2023,MW,0.0,0.0
bus459,bus446,2023,MW,0.0,0.0
bus447,bus378,2023,MW,0.0,0.0
bus378,bus447,2023,MW,0.0,0.0
bus447,bus441,2023,MW,0.0,0.0
bus441,bus447,2023,MW,0.0,0.0
bus447,bus446,2023,MW,0.0,0.0
bus446,bus447,2023,MW,0.0,0.0
bus447,bus448,2023,MW,0.0,0.0
bus448,bus447,2023,MW,0.0,0.0
bus448,bus456,2023,MW,0.0,0.0
bus456,bus448,2023,MW,0.0,0.0
bus449,bus458,2023,MW,0.0,0.0
bus458,bus449,2023,MW,0.0,0.0
bus45,bus44,2023,MW,0.0,0.0
bus44,bus45,2023,MW,0.0,0.0
bus450,bus436,2023,MW,0.0,0.0
bus436,bus450,2023,MW,0.0,0.0
bus450,bus451,2023,MW,0.0,0.0
bus451,bus450,2023,MW,0.0,0.0
bus451,bus449,2023,MW,0.0,0.0
bus449,bus451,2023,MW,0.0,0.0
bus451,bus453,2023,MW,0.0,0.0
bus453,bus451,2023,MW,0.0,0.0
bus454,bus429,2023,MW,0.0,0.0
bus429,bus454,2023,MW,0.0,0.0
bus457,bus456,2023,MW,0.0,0.0
bus456,bus457,2023,MW,0.0,0.0
bus458,bus444,2023,MW,0.0,0.0
bus444,bus458,2023,MW,0.0,0.0
bus458,bus456,2023,MW,0.0,0.0
bus456,bus458,2023,MW,0.0,0.0
bus46,bus43,2023,MW,0.0,0.0
bus43,bus46,2023,MW,0.0,0.0
bus462,bus463,2023,MW,0.0,0.0
bus463,bus462,2023,MW,0.0,0.0
bus463,bus465,2023,MW,0.0,0.0
bus465,bus463,2023,MW,0.0,0.0
bus464,bus463,2023,MW,0.0,0.0
bus463,bus464,2023,MW,0.0,0.0
bus465,bus461,2023,MW,0.0,0.0
bus461,bus465,2023,MW,0.0,0.0
bus465,bus467,2023,MW,0.0,0.0
bus467,bus465,2023,MW,0.0,0.0
bus466,bus465,2023,MW,0.0,0.0
bus465,bus466,2023,MW,0.0,0.0
bus468,bus469,2023,MW,0.0,0.0
bus469,bus468,2023,MW,0.0,0.0
bus469,bus470,2023,MW,0.0,0.0
bus470,bus469,2023,MW,0.0,0.0
bus47,bus42,2023,MW,0.0,0.0
bus42,bus47,2023,MW,0.0,0.0
bus47,bus48,2023,MW,0.0,0.0
bus48,bus47,2023,MW,0.0,0.0
bus47,bus51,2023,MW,0.0,0.0
bus51,bus47,2023,MW,0.0,0.0
bus47,bus52,2023,MW,0.0,0.0
bus52,bus47,2023,MW,0.0,0.0
bus470,bus471,2023,MW,0.0,0.0
bus471,bus470,2023,MW,0.0,0.0
bus472,bus471,2023,MW,0.0,0.0
bus471,bus472,2023,MW,0.0,0.0
bus49,bus48,2023,MW,0.0,0.0
bus48,bus49,2023,MW,0.0,0.0
bus5,bus6,2023,MW,0.0,0.0
bus6,bus5,2023,MW,0.0,0.0
bus5,bus8,2023,MW,0.0,0.0
bus8,bus5,2023,MW,0.0,0.0
bus50,bus49,2023,MW,0.0,0.0
bus49,bus50,2023,MW,0.0,0.0
bus51,bus468,2023,MW,0.0,0.0
bus468,bus51,2023,MW,0.0,0.0
bus52,bus51,2023,MW,0.0,0.0
bus51,bus52,2023,MW,0.0,0.0
bus53,bus47,2023,MW,0.0,0.0
bus47,bus53,2023,MW,0.0,0.0
bus53,bus54,2023,MW,0.0,0.0
bus54,bus53,2023,MW,0.0,0.0
bus56,bus55,2023,MW,0.0,0.0
bus55,bus56,2023,MW,0.0,0.0
bus57,bus58,2023,MW,0.0,0.0
bus58,bus57,2023,MW,0.0,0.0
bus58,bus56,2023,MW,0.0,0.0
bus56,bus58,2023,MW,0.0,0.0
bus59,bus22,2023,MW,0.0,0.0
bus22,bus59,2023,MW,0.0,0.0
bus6,bus17,2023,MW,0.0,0.0
bus17,bus6,2023,MW,0.0,0.0
bus6,bus8,2023,MW,0.0,0.0
bus8,bus6,2023,MW,0.0,0.0
bus60,bus466,2023,MW,0.0,0.0
bus466,bus60,2023,MW,0.0,0.0
bus61,bus68,2023,MW,0.0,0.0
bus68,bus61,2023,MW,0.0,0.0
bus62,bus63,2023,MW,0.0,0.0
bus63,bus62,2023,MW,0.0,0.0
bus63,bus336,2023,MW,0.0,0.0
bus336,bus63,2023,MW,0.0,0.0
bus63,bus337,2023,MW,0.0,0.0
bus337,bus63,2023,MW,0.0,0.0
bus63,bus67,2023,MW,0.0,0.0
bus67,bus63,2023,MW,0.0,0.0
bus64,bus68,2023,MW,0.0,0.0
bus68,bus64,2023,MW,0.0,0.0
bus64,bus71,2023,MW,0.0,0.0
bus71,bus64,2023,MW,0.0,0.0
bus65,bus64,2023,MW,0.0,0.0
bus64,bus65,2023,MW,0.0,0.0
bus66,bus315,2023,MW,0.0,0.0
bus315,bus66,2023,MW,0.0,0.0
bus66,bus60,2023,MW,0.0,0.0
bus60,bus66,2023,MW,0.0,0.0
bus66,bus64,2023,MW,0.0,0.0
bus64,bus66,2023,MW,0.0,0.0
bus66,bus67,2023,MW,0.0,0.0
bus67,bus66,2023,MW,0.0,0.0
bus66,bus73,2023,MW,0.0,0.0
bus73,bus66,2023,MW,0.0,0.0
bus67,bus466,2023,MW,0.0,0.0
bus466,bus67,2023,MW,0.0,0.0
bus68,bus60,2023,MW,0.0,0.0
bus60,bus68,2023,MW,0.0,0.0
bus69,bus63,2023,MW,0.0,0.0
bus63,bus69,2023,MW,0.0,0.0
bus7,bus9,2023,MW,0.0,0.0
bus9,bus7,2023,MW,0.0,0.0
bus70,bus71,2023,MW,0.0,0.0
bus71,bus70,2023,MW,0.0,0.0
bus71,bus72,2023,MW,0.0,0.0
bus72,bus71,2023,MW,0.0,0.0
bus74,bus335,2023,MW,0.0,0.0
bus335,bus74,2023,MW,0.0,0.0
bus74,bus73,2023,MW,0.0,0.0
bus73,bus74,2023,MW,0.0,0.0
bus75,bus315,2023,MW,0.0,0.0
bus315,bus75,2023,MW,0.0,0.0
bus76,bus70,2023,MW,0.0,0.0
bus70,bus76,2023,MW,0.0,0.0
bus77,bus83,2023,MW,0.0,0.0
bus83,bus77,2023,MW,0.0,0.0
bus78,bus81,2023,MW,0.0,0.0
bus81,bus78,2023,MW,0.0,0.0
bus79,bus77,2023,MW,0.0,0.0
bus77,bus79,2023,MW,0.0,0.0
bus79,bus78,2023,MW,0.0,0.0
bus78,bus79,2023,MW,0.0,0.0
bus8,bus16,2023,MW,0.0,0.0
bus16,bus8,2023,MW,0.0,0.0
bus81,bus80,2023,MW,0.0,0.0
bus80,bus81,2023,MW,0.0,0.0
bus82,bus77,2023,MW,0.0,0.0
bus77,bus82,2023,MW,0.0,0.0
bus82,bus89,2023,MW,0.0,0.0
bus89,bus82,2023,MW,0.0,0.0
bus84,bus78,2023,MW,0.0,0.0
bus78,bus84,2023,MW,0.0,0.0
bus85,bus90,2023,MW,0.0,0.0
bus90,bus85,2023,MW,0.0,0.0
bus85,bus95,2023,MW,0.0,0.0
bus95,bus85,2023,MW,0.0,0.0
bus86,bus85,2023,MW,0.0,0.0
bus85,bus86,2023,MW,0.0,0.0
bus87,bus86,2023,MW,0.0,0.0
bus86,bus87,2023,MW,0.0,0.0
bus87,bus88,2023,MW,0.0,0.0
bus88,bus87,2023,MW,0.0,0.0
bus87,bus93,2023,MW,0.0,0.0
bus93,bus87,2023,MW,0.0,0.0
bus88,bus89,2023,MW,0.0,0.0
bus89,bus88,2023,MW,0.0,0.0
bus89,bus83,2023,MW,0.0,0.0
bus83,bus89,2023,MW,0.0,0.0
bus9,bus8,2023,MW,0.0,0.0
bus8,bus9,2023,MW,0.0,0.0
bus90,bus17,2023,MW,0.0,0.0
bus17,bus90,2023,MW,0.0,0.0
bus90,bus96,2023,MW,0.0,0.0
bus96,bus90,2023,MW,0.0,0.0
bus91,bus17,2023,MW,0.0,0.0
bus17,bus91,2023,MW,0.0,0.0
bus91,bus90,2023,MW,0.0,0.0
bus90,bus91,2023,MW,0.0,0.0
bus92,bus91,2023,MW,0.0,0.0
bus91,bus92,2023,MW,0.0,0.0
bus94,bus18,2023,MW,0.0,0.0
bus18,bus94,2023,MW,0.0,0.0
bus95,bus91,2023,MW,0.0,0.0
bus91,bus95,2023,MW,0.0,0.0
bus97,bus113,2023,MW,0.0,0.0
bus113,bus97,2023,MW,0.0,0.0
bus98,bus282,2023,MW,0.0,0.0
bus282,bus98,2023,MW,0.0,0.0
bus98,bus286,2023,MW,0.0,0.0
bus286,bus98,2023,MW,0.0,0.0
bus99,bus80,2023,MW,0.0,0.0
bus80,bus99,2023,MW,0.0,0.0
bus99,bus82,2023,MW,0.0,0.0
bus82,bus99,2023,MW,0.0,0.0
bus99,bus98,2023,MW,0.0,0.0
bus98,bus99,2023,MW,0.0,0.0
